{
	"AUTOGEN_COMMAND_LINE_LENGTH_MAX" : 32000,
	"BUILD_DIR" : "C:/msys64/home/h06250/PTZ_APP-develop/PTZ_APP_autogen",
	"CMAKE_BINARY_DIR" : "C:/msys64/home/h06250/PTZ_APP-develop",
	"CMAKE_CURRENT_BINARY_DIR" : "C:/msys64/home/h06250/PTZ_APP-develop",
	"CMAKE_CURRENT_SOURCE_DIR" : "C:/msys64/home/h06250/PTZ_APP-develop",
	"CMAKE_EXECUTABLE" : "C:/msys64/mingw64/bin/cmake.exe",
	"CMAKE_LIST_FILES" : 
	[
		"C:/msys64/home/h06250/PTZ_APP-develop/CMakeLists.txt",
		"C:/msys64/home/h06250/PTZ_APP-develop/CMakeFiles/4.0.1/CMakeSystem.cmake",
		"C:/msys64/mingw64/share/cmake/Modules/CMakeSystemSpecificInitialize.cmake",
		"C:/msys64/mingw64/share/cmake/Modules/Platform/Windows-Initialize.cmake",
		"C:/msys64/home/h06250/PTZ_APP-develop/CMakeFiles/4.0.1/CMakeCXXCompiler.cmake",
		"C:/msys64/mingw64/share/cmake/Modules/CMakeSystemSpecificInformation.cmake",
		"C:/msys64/mingw64/share/cmake/Modules/CMakeGenericSystem.cmake",
		"C:/msys64/mingw64/share/cmake/Modules/CMakeInitializeConfigs.cmake",
		"C:/msys64/mingw64/share/cmake/Modules/Platform/Windows.cmake",
		"C:/msys64/mingw64/share/cmake/Modules/Platform/WindowsPaths.cmake",
		"C:/msys64/mingw64/share/cmake/Modules/CMakeCXXInformation.cmake",
		"C:/msys64/mingw64/share/cmake/Modules/CMakeLanguageInformation.cmake",
		"C:/msys64/mingw64/share/cmake/Modules/Compiler/GNU-CXX.cmake",
		"C:/msys64/mingw64/share/cmake/Modules/Compiler/GNU.cmake",
		"C:/msys64/mingw64/share/cmake/Modules/Compiler/CMakeCommonCompilerMacros.cmake",
		"C:/msys64/mingw64/share/cmake/Modules/Platform/Windows-GNU-CXX.cmake",
		"C:/msys64/mingw64/share/cmake/Modules/Platform/Windows-GNU.cmake",
		"C:/msys64/home/h06250/PTZ_APP-develop/CMakeFiles/4.0.1/CMakeRCCompiler.cmake",
		"C:/msys64/mingw64/share/cmake/Modules/CMakeRCInformation.cmake",
		"C:/msys64/mingw64/share/cmake/Modules/Platform/Windows-windres.cmake",
		"C:/msys64/mingw64/share/cmake/Modules/Platform/Windows-GNU-CXX-ABI.cmake",
		"C:/msys64/mingw64/share/cmake/Modules/CMakeCommonLanguageInclude.cmake",
		"C:/msys64/mingw64/share/cmake/Modules/Internal/CMakeCXXLinkerInformation.cmake",
		"C:/msys64/mingw64/share/cmake/Modules/Internal/CMakeCommonLinkerInformation.cmake",
		"C:/msys64/mingw64/share/cmake/Modules/Linker/GNU-CXX.cmake",
		"C:/msys64/mingw64/share/cmake/Modules/Linker/GNU.cmake",
		"C:/msys64/mingw64/share/cmake/Modules/Platform/Linker/Windows-GNU-CXX.cmake",
		"C:/msys64/mingw64/share/cmake/Modules/Platform/Linker/Windows-GNU.cmake",
		"C:/msys64/mingw64/share/cmake/Modules/Platform/Linker/GNU.cmake",
		"C:/msys64/mingw64/share/cmake/Modules/FindPkgConfig.cmake",
		"C:/msys64/mingw64/share/cmake/Modules/FindPackageHandleStandardArgs.cmake",
		"C:/msys64/mingw64/share/cmake/Modules/FindPackageMessage.cmake",
		"C:/msys64/mingw64/lib/cmake/protobuf/protobuf-config-version.cmake",
		"C:/msys64/mingw64/lib/cmake/protobuf/protobuf-config.cmake",
		"C:/msys64/mingw64/lib/cmake/protobuf/protobuf-options.cmake",
		"C:/msys64/mingw64/share/cmake/Modules/FindZLIB.cmake",
		"C:/msys64/mingw64/share/cmake/Modules/SelectLibraryConfigurations.cmake",
		"C:/msys64/mingw64/share/cmake/Modules/FindPackageHandleStandardArgs.cmake",
		"C:/msys64/mingw64/share/cmake/Modules/FindPackageMessage.cmake",
		"C:/msys64/mingw64/lib/cmake/absl/abslConfigVersion.cmake",
		"C:/msys64/mingw64/lib/cmake/absl/abslConfig.cmake",
		"C:/msys64/mingw64/share/cmake/Modules/CMakeFindDependencyMacro.cmake",
		"C:/msys64/mingw64/share/cmake/Modules/FindThreads.cmake",
		"C:/msys64/mingw64/share/cmake/Modules/CheckLibraryExists.cmake",
		"C:/msys64/mingw64/share/cmake/Modules/CheckIncludeFileCXX.cmake",
		"C:/msys64/mingw64/share/cmake/Modules/CheckCXXSourceCompiles.cmake",
		"C:/msys64/mingw64/share/cmake/Modules/Internal/CheckSourceCompiles.cmake",
		"C:/msys64/mingw64/share/cmake/Modules/FindPackageHandleStandardArgs.cmake",
		"C:/msys64/mingw64/share/cmake/Modules/FindPackageMessage.cmake",
		"C:/msys64/mingw64/lib/cmake/absl/abslTargets.cmake",
		"C:/msys64/mingw64/lib/cmake/absl/abslTargets-release.cmake",
		"C:/msys64/mingw64/lib/cmake/utf8_range/utf8_range-config.cmake",
		"C:/msys64/mingw64/lib/cmake/utf8_range/utf8_range-targets.cmake",
		"C:/msys64/mingw64/lib/cmake/utf8_range/utf8_range-targets-release.cmake",
		"C:/msys64/mingw64/lib/cmake/protobuf/protobuf-targets.cmake",
		"C:/msys64/mingw64/lib/cmake/protobuf/protobuf-targets-release.cmake",
		"C:/msys64/mingw64/lib/cmake/protobuf/protobuf-generate.cmake",
		"C:/msys64/mingw64/lib/cmake/absl/abslConfigVersion.cmake",
		"C:/msys64/mingw64/lib/cmake/absl/abslConfig.cmake",
		"C:/msys64/mingw64/share/cmake/Modules/CMakeFindDependencyMacro.cmake",
		"C:/msys64/mingw64/share/cmake/Modules/FindThreads.cmake",
		"C:/msys64/mingw64/share/cmake/Modules/CheckLibraryExists.cmake",
		"C:/msys64/mingw64/share/cmake/Modules/CheckIncludeFileCXX.cmake",
		"C:/msys64/mingw64/share/cmake/Modules/CheckCXXSourceCompiles.cmake",
		"C:/msys64/mingw64/share/cmake/Modules/FindPackageHandleStandardArgs.cmake",
		"C:/msys64/mingw64/share/cmake/Modules/FindPackageMessage.cmake",
		"C:/msys64/mingw64/lib/cmake/absl/abslTargets.cmake",
		"C:/msys64/mingw64/lib/cmake/jsoncpp/jsoncppConfigVersion.cmake",
		"C:/msys64/mingw64/lib/cmake/jsoncpp/jsoncppConfig.cmake",
		"C:/msys64/mingw64/lib/cmake/jsoncpp/jsoncpp-targets.cmake",
		"C:/msys64/mingw64/lib/cmake/jsoncpp/jsoncpp-targets-release.cmake",
		"C:/msys64/mingw64/lib/cmake/jsoncpp/jsoncpp-namespaced-targets.cmake",
		"C:/msys64/mingw64/lib/cmake/tinyxml2/tinyxml2-config-version.cmake",
		"C:/msys64/mingw64/lib/cmake/tinyxml2/tinyxml2-config.cmake",
		"C:/msys64/mingw64/lib/cmake/tinyxml2/tinyxml2-static-targets.cmake",
		"C:/msys64/mingw64/lib/cmake/tinyxml2/tinyxml2-static-targets-release.cmake",
		"C:/msys64/mingw64/share/cmake/Modules/FindOpenSSL.cmake",
		"C:/msys64/mingw64/share/cmake/Modules/FindPackageHandleStandardArgs.cmake",
		"C:/msys64/mingw64/share/cmake/Modules/FindPackageMessage.cmake",
		"C:/msys64/mingw64/share/cmake/Modules/FindCURL.cmake",
		"C:/msys64/mingw64/share/cmake/Modules/FindPackageHandleStandardArgs.cmake",
		"C:/msys64/mingw64/share/cmake/Modules/FindPackageMessage.cmake",
		"C:/msys64/home/h06250/curl_install/lib/cmake/CURL/CURLConfigVersion.cmake",
		"C:/msys64/home/h06250/curl_install/lib/cmake/CURL/CURLConfig.cmake",
		"C:/msys64/mingw64/share/cmake/Modules/CMakeFindDependencyMacro.cmake",
		"C:/msys64/mingw64/share/cmake/Modules/FindOpenSSL.cmake",
		"C:/msys64/mingw64/share/cmake/Modules/FindPackageHandleStandardArgs.cmake",
		"C:/msys64/mingw64/share/cmake/Modules/FindPackageMessage.cmake",
		"C:/msys64/mingw64/share/cmake/Modules/FindZLIB.cmake",
		"C:/msys64/mingw64/share/cmake/Modules/FindPackageHandleStandardArgs.cmake",
		"C:/msys64/mingw64/share/cmake/Modules/FindPackageMessage.cmake",
		"C:/msys64/home/h06250/curl_install/lib/cmake/CURL/CURLTargets.cmake",
		"C:/msys64/home/h06250/curl_install/lib/cmake/CURL/CURLTargets-noconfig.cmake",
		"C:/Qt/5.15.2/mingw81_64/lib/cmake/Qt5/Qt5ConfigVersion.cmake",
		"C:/Qt/5.15.2/mingw81_64/lib/cmake/Qt5/Qt5Config.cmake",
		"C:/Qt/5.15.2/mingw81_64/lib/cmake/Qt5/Qt5ConfigVersion.cmake",
		"C:/Qt/5.15.2/mingw81_64/lib/cmake/Qt5/Qt5Config.cmake",
		"C:/Qt/5.15.2/mingw81_64/lib/cmake/Qt5/Qt5ModuleLocation.cmake",
		"C:/Qt/5.15.2/mingw81_64/lib/cmake/Qt5Core/Qt5CoreConfigVersion.cmake",
		"C:/Qt/5.15.2/mingw81_64/lib/cmake/Qt5Core/Qt5CoreConfig.cmake",
		"C:/Qt/5.15.2/mingw81_64/lib/cmake/Qt5Core/Qt5CoreConfigExtras.cmake",
		"C:/Qt/5.15.2/mingw81_64/lib/cmake/Qt5Core/Qt5CoreConfigExtrasMkspecDir.cmake",
		"C:/Qt/5.15.2/mingw81_64/lib/cmake/Qt5Core/Qt5CoreMacros.cmake",
		"C:/msys64/mingw64/share/cmake/Modules/CMakeParseArguments.cmake",
		"C:/Qt/5.15.2/mingw81_64/lib/cmake/Qt5Quick/Qt5QuickConfigVersion.cmake",
		"C:/Qt/5.15.2/mingw81_64/lib/cmake/Qt5Quick/Qt5QuickConfig.cmake",
		"C:/Qt/5.15.2/mingw81_64/lib/cmake/Qt5QmlModels/Qt5QmlModelsConfigVersion.cmake",
		"C:/Qt/5.15.2/mingw81_64/lib/cmake/Qt5QmlModels/Qt5QmlModelsConfig.cmake",
		"C:/Qt/5.15.2/mingw81_64/lib/cmake/Qt5Qml/Qt5QmlConfigVersion.cmake",
		"C:/Qt/5.15.2/mingw81_64/lib/cmake/Qt5Qml/Qt5QmlConfig.cmake",
		"C:/Qt/5.15.2/mingw81_64/lib/cmake/Qt5Network/Qt5NetworkConfigVersion.cmake",
		"C:/Qt/5.15.2/mingw81_64/lib/cmake/Qt5Network/Qt5NetworkConfig.cmake",
		"C:/Qt/5.15.2/mingw81_64/lib/cmake/Qt5Network/Qt5Network_QGenericEnginePlugin.cmake",
		"C:/Qt/5.15.2/mingw81_64/lib/cmake/Qt5Qml/Qt5Qml_QDebugMessageServiceFactory.cmake",
		"C:/Qt/5.15.2/mingw81_64/lib/cmake/Qt5Qml/Qt5Qml_QLocalClientConnectionFactory.cmake",
		"C:/Qt/5.15.2/mingw81_64/lib/cmake/Qt5Qml/Qt5Qml_QQmlDebugServerFactory.cmake",
		"C:/Qt/5.15.2/mingw81_64/lib/cmake/Qt5Qml/Qt5Qml_QQmlDebuggerServiceFactory.cmake",
		"C:/Qt/5.15.2/mingw81_64/lib/cmake/Qt5Qml/Qt5Qml_QQmlInspectorServiceFactory.cmake",
		"C:/Qt/5.15.2/mingw81_64/lib/cmake/Qt5Qml/Qt5Qml_QQmlNativeDebugConnectorFactory.cmake",
		"C:/Qt/5.15.2/mingw81_64/lib/cmake/Qt5Qml/Qt5Qml_QQmlNativeDebugServiceFactory.cmake",
		"C:/Qt/5.15.2/mingw81_64/lib/cmake/Qt5Qml/Qt5Qml_QQmlPreviewServiceFactory.cmake",
		"C:/Qt/5.15.2/mingw81_64/lib/cmake/Qt5Qml/Qt5Qml_QQmlProfilerServiceFactory.cmake",
		"C:/Qt/5.15.2/mingw81_64/lib/cmake/Qt5Qml/Qt5Qml_QQuickProfilerAdapterFactory.cmake",
		"C:/Qt/5.15.2/mingw81_64/lib/cmake/Qt5Qml/Qt5Qml_QTcpServerConnectionFactory.cmake",
		"C:/Qt/5.15.2/mingw81_64/lib/cmake/Qt5Qml/Qt5QmlConfigExtras.cmake",
		"C:/Qt/5.15.2/mingw81_64/lib/cmake/Qt5Gui/Qt5GuiConfigVersion.cmake",
		"C:/Qt/5.15.2/mingw81_64/lib/cmake/Qt5Gui/Qt5GuiConfig.cmake",
		"C:/Qt/5.15.2/mingw81_64/lib/cmake/Qt5Gui/Qt5Gui_QGifPlugin.cmake",
		"C:/Qt/5.15.2/mingw81_64/lib/cmake/Qt5Gui/Qt5Gui_QICNSPlugin.cmake",
		"C:/Qt/5.15.2/mingw81_64/lib/cmake/Qt5Gui/Qt5Gui_QICOPlugin.cmake",
		"C:/Qt/5.15.2/mingw81_64/lib/cmake/Qt5Gui/Qt5Gui_QJpegPlugin.cmake",
		"C:/Qt/5.15.2/mingw81_64/lib/cmake/Qt5Gui/Qt5Gui_QMinimalIntegrationPlugin.cmake",
		"C:/Qt/5.15.2/mingw81_64/lib/cmake/Qt5Gui/Qt5Gui_QOffscreenIntegrationPlugin.cmake",
		"C:/Qt/5.15.2/mingw81_64/lib/cmake/Qt5Gui/Qt5Gui_QSvgIconPlugin.cmake",
		"C:/Qt/5.15.2/mingw81_64/lib/cmake/Qt5Gui/Qt5Gui_QSvgPlugin.cmake",
		"C:/Qt/5.15.2/mingw81_64/lib/cmake/Qt5Gui/Qt5Gui_QTgaPlugin.cmake",
		"C:/Qt/5.15.2/mingw81_64/lib/cmake/Qt5Gui/Qt5Gui_QTiffPlugin.cmake",
		"C:/Qt/5.15.2/mingw81_64/lib/cmake/Qt5Gui/Qt5Gui_QTuioTouchPlugin.cmake",
		"C:/Qt/5.15.2/mingw81_64/lib/cmake/Qt5Gui/Qt5Gui_QVirtualKeyboardPlugin.cmake",
		"C:/Qt/5.15.2/mingw81_64/lib/cmake/Qt5Gui/Qt5Gui_QWbmpPlugin.cmake",
		"C:/Qt/5.15.2/mingw81_64/lib/cmake/Qt5Gui/Qt5Gui_QWebpPlugin.cmake",
		"C:/Qt/5.15.2/mingw81_64/lib/cmake/Qt5Gui/Qt5Gui_QWindowsDirect2DIntegrationPlugin.cmake",
		"C:/Qt/5.15.2/mingw81_64/lib/cmake/Qt5Gui/Qt5Gui_QWindowsIntegrationPlugin.cmake",
		"C:/Qt/5.15.2/mingw81_64/lib/cmake/Qt5Gui/Qt5Gui_QXdgDesktopPortalThemePlugin.cmake",
		"C:/Qt/5.15.2/mingw81_64/lib/cmake/Qt5Gui/Qt5GuiConfigExtras.cmake",
		"C:/Qt/5.15.2/mingw81_64/lib/cmake/Qt5Qml/Qt5QmlConfigVersion.cmake",
		"C:/Qt/5.15.2/mingw81_64/lib/cmake/Qt5Qml/Qt5QmlConfig.cmake",
		"C:/Qt/5.15.2/mingw81_64/lib/cmake/Qt5Widgets/Qt5WidgetsConfigVersion.cmake",
		"C:/Qt/5.15.2/mingw81_64/lib/cmake/Qt5Widgets/Qt5WidgetsConfig.cmake",
		"C:/Qt/5.15.2/mingw81_64/lib/cmake/Qt5Widgets/Qt5Widgets_QWindowsVistaStylePlugin.cmake",
		"C:/Qt/5.15.2/mingw81_64/lib/cmake/Qt5Widgets/Qt5WidgetsConfigExtras.cmake",
		"C:/Qt/5.15.2/mingw81_64/lib/cmake/Qt5Widgets/Qt5WidgetsMacros.cmake",
		"C:/msys64/mingw64/share/cmake/Modules/CMakeParseArguments.cmake",
		"C:/Qt/5.15.2/mingw81_64/lib/cmake/Qt5Multimedia/Qt5MultimediaConfigVersion.cmake",
		"C:/Qt/5.15.2/mingw81_64/lib/cmake/Qt5Multimedia/Qt5MultimediaConfig.cmake",
		"C:/Qt/5.15.2/mingw81_64/lib/cmake/Qt5Multimedia/Qt5Multimedia_AudioCaptureServicePlugin.cmake",
		"C:/Qt/5.15.2/mingw81_64/lib/cmake/Qt5Multimedia/Qt5Multimedia_DSServicePlugin.cmake",
		"C:/Qt/5.15.2/mingw81_64/lib/cmake/Qt5Multimedia/Qt5Multimedia_QM3uPlaylistPlugin.cmake",
		"C:/Qt/5.15.2/mingw81_64/lib/cmake/Qt5Multimedia/Qt5Multimedia_QWindowsAudioPlugin.cmake",
		"C:/Qt/5.15.2/mingw81_64/lib/cmake/Qt5MultimediaWidgets/Qt5MultimediaWidgetsConfigVersion.cmake",
		"C:/Qt/5.15.2/mingw81_64/lib/cmake/Qt5MultimediaWidgets/Qt5MultimediaWidgetsConfig.cmake",
		"C:/Qt/5.15.2/mingw81_64/lib/cmake/Qt5Sql/Qt5SqlConfigVersion.cmake",
		"C:/Qt/5.15.2/mingw81_64/lib/cmake/Qt5Sql/Qt5SqlConfig.cmake",
		"C:/Qt/5.15.2/mingw81_64/lib/cmake/Qt5Sql/Qt5Sql_QODBCDriverPlugin.cmake",
		"C:/Qt/5.15.2/mingw81_64/lib/cmake/Qt5Sql/Qt5Sql_QPSQLDriverPlugin.cmake",
		"C:/Qt/5.15.2/mingw81_64/lib/cmake/Qt5Sql/Qt5Sql_QSQLiteDriverPlugin.cmake",
		"C:/Qt/5.15.2/mingw81_64/lib/cmake/Qt5Charts/Qt5chartsConfigVersion.cmake",
		"C:/Qt/5.15.2/mingw81_64/lib/cmake/Qt5Charts/Qt5ChartsConfig.cmake",
		"C:/msys64/mingw64/share/cmake/Modules/GNUInstallDirs.cmake",
		"C:/msys64/mingw64/share/cmake/Modules/CPack.cmake",
		"C:/msys64/mingw64/share/cmake/Modules/CPackComponent.cmake",
		"C:/msys64/mingw64/share/cmake/Templates/CPackConfig.cmake.in",
		"C:/msys64/mingw64/share/cmake/Templates/CPackConfig.cmake.in",
		"C:/msys64/home/h06250/PTZ_APP-develop/qml.qrc",
		"C:/msys64/home/h06250/PTZ_APP-develop/resources.qrc"
	],
	"CMAKE_SOURCE_DIR" : "C:/msys64/home/h06250/PTZ_APP-develop",
	"CROSS_CONFIG" : false,
	"DEP_FILE" : "C:/msys64/home/h06250/PTZ_APP-develop/PTZ_APP_autogen/deps",
	"DEP_FILE_RULE_NAME" : "PTZ_APP_autogen/timestamp",
	"HEADERS" : 
	[
		[
			"C:/msys64/home/h06250/PTZ_APP-develop/src/HCNetSDK.h",
			"MU",
			"UVLADIE3JM/moc_HCNetSDK.cpp",
			null
		],
		[
			"C:/msys64/home/h06250/PTZ_APP-develop/src/alarm_audio_player.h",
			"MU",
			"UVLADIE3JM/moc_alarm_audio_player.cpp",
			null
		],
		[
			"C:/msys64/home/h06250/PTZ_APP-develop/src/alarmlog.h",
			"MU",
			"UVLADIE3JM/moc_alarmlog.cpp",
			null
		],
		[
			"C:/msys64/home/h06250/PTZ_APP-develop/src/alarmvideoplayer.h",
			"MU",
			"UVLADIE3JM/moc_alarmvideoplayer.cpp",
			null
		],
		[
			"C:/msys64/home/h06250/PTZ_APP-develop/src/audiooutput.h",
			"MU",
			"UVLADIE3JM/moc_audiooutput.cpp",
			null
		],
		[
			"C:/msys64/home/h06250/PTZ_APP-develop/src/base/framequeue.h",
			"MU",
			"TADP3ZSRW5/moc_framequeue.cpp",
			null
		],
		[
			"C:/msys64/home/h06250/PTZ_APP-develop/src/base/packetqueue.h",
			"MU",
			"TADP3ZSRW5/moc_packetqueue.cpp",
			null
		],
		[
			"C:/msys64/home/h06250/PTZ_APP-develop/src/cgi_common.h",
			"MU",
			"UVLADIE3JM/moc_cgi_common.cpp",
			null
		],
		[
			"C:/msys64/home/h06250/PTZ_APP-develop/src/decoder/decode.h",
			"MU",
			"TIHC55CV7D/moc_decode.cpp",
			null
		],
		[
			"C:/msys64/home/h06250/PTZ_APP-develop/src/demuxer/demux.h",
			"MU",
			"5DRXPZVJHU/moc_demux.cpp",
			null
		],
		[
			"C:/msys64/home/h06250/PTZ_APP-develop/src/device_proxy.h",
			"MU",
			"UVLADIE3JM/moc_device_proxy.cpp",
			null
		],
		[
			"C:/msys64/home/h06250/PTZ_APP-develop/src/eventshare.h",
			"MU",
			"UVLADIE3JM/moc_eventshare.cpp",
			null
		],
		[
			"C:/msys64/home/h06250/PTZ_APP-develop/src/frame_provider.h",
			"MU",
			"UVLADIE3JM/moc_frame_provider.cpp",
			null
		],
		[
			"C:/msys64/home/h06250/PTZ_APP-develop/src/gas_cloud_manager.h",
			"MU",
			"UVLADIE3JM/moc_gas_cloud_manager.cpp",
			null
		],
		[
			"C:/msys64/home/h06250/PTZ_APP-develop/src/hikvision_ctrl.h",
			"MU",
			"UVLADIE3JM/moc_hikvision_ctrl.cpp",
			null
		],
		[
			"C:/msys64/home/h06250/PTZ_APP-develop/src/hikvision_recorder.h",
			"MU",
			"UVLADIE3JM/moc_hikvision_recorder.cpp",
			null
		],
		[
			"C:/msys64/home/h06250/PTZ_APP-develop/src/history_video_player.h",
			"MU",
			"UVLADIE3JM/moc_history_video_player.cpp",
			null
		],
		[
			"C:/msys64/home/h06250/PTZ_APP-develop/src/image_fusion_manager.h",
			"MU",
			"UVLADIE3JM/moc_image_fusion_manager.cpp",
			null
		],
		[
			"C:/msys64/home/h06250/PTZ_APP-develop/src/model/alarmmodel.h",
			"MU",
			"VNQA4LF4BW/moc_alarmmodel.cpp",
			null
		],
		[
			"C:/msys64/home/h06250/PTZ_APP-develop/src/model/cruisemodel.h",
			"MU",
			"VNQA4LF4BW/moc_cruisemodel.cpp",
			null
		],
		[
			"C:/msys64/home/h06250/PTZ_APP-develop/src/model/devicemodel.h",
			"MU",
			"VNQA4LF4BW/moc_devicemodel.cpp",
			null
		],
		[
			"C:/msys64/home/h06250/PTZ_APP-develop/src/model/devicetreemodel.h",
			"MU",
			"VNQA4LF4BW/moc_devicetreemodel.cpp",
			null
		],
		[
			"C:/msys64/home/h06250/PTZ_APP-develop/src/model/logmodel.h",
			"MU",
			"VNQA4LF4BW/moc_logmodel.cpp",
			null
		],
		[
			"C:/msys64/home/h06250/PTZ_APP-develop/src/model/presetmodel.h",
			"MU",
			"VNQA4LF4BW/moc_presetmodel.cpp",
			null
		],
		[
			"C:/msys64/home/h06250/PTZ_APP-develop/src/model/usermodel.h",
			"MU",
			"VNQA4LF4BW/moc_usermodel.cpp",
			null
		],
		[
			"C:/msys64/home/h06250/PTZ_APP-develop/src/player.h",
			"MU",
			"UVLADIE3JM/moc_player.cpp",
			null
		],
		[
			"C:/msys64/home/h06250/PTZ_APP-develop/src/player_clock.h",
			"MU",
			"UVLADIE3JM/moc_player_clock.cpp",
			null
		],
		[
			"C:/msys64/home/h06250/PTZ_APP-develop/src/playermanager.h",
			"MU",
			"UVLADIE3JM/moc_playermanager.cpp",
			null
		],
		[
			"C:/msys64/home/h06250/PTZ_APP-develop/src/ptz_device_cgi.h",
			"MU",
			"UVLADIE3JM/moc_ptz_device_cgi.cpp",
			null
		],
		[
			"C:/msys64/home/h06250/PTZ_APP-develop/src/ptz_device_manager.h",
			"MU",
			"UVLADIE3JM/moc_ptz_device_manager.cpp",
			null
		],
		[
			"C:/msys64/home/h06250/PTZ_APP-develop/src/tdlas_data_manager.h",
			"MU",
			"UVLADIE3JM/moc_tdlas_data_manager.cpp",
			null
		],
		[
			"C:/msys64/home/h06250/PTZ_APP-develop/src/thermal_ctl.h",
			"MU",
			"UVLADIE3JM/moc_thermal_ctl.cpp",
			null
		],
		[
			"C:/msys64/home/h06250/PTZ_APP-develop/src/thermal_device_manager.h",
			"MU",
			"UVLADIE3JM/moc_thermal_device_manager.cpp",
			null
		],
		[
			"C:/msys64/home/h06250/PTZ_APP-develop/src/vis_heatmap_api.h",
			"MU",
			"UVLADIE3JM/moc_vis_heatmap_api.cpp",
			null
		],
		[
			"C:/msys64/home/h06250/PTZ_APP-develop/src/wRegistration.h",
			"MU",
			"UVLADIE3JM/moc_wRegistration.cpp",
			null
		],
		[
			"C:/msys64/home/h06250/PTZ_APP-develop/whitecamera.hpp",
			"MU",
			"EWIEGA46WW/moc_whitecamera.cpp",
			null
		]
	],
	"HEADER_EXTENSIONS" : [ "h", "hh", "h++", "hm", "hpp", "hxx", "in", "txx" ],
	"INCLUDE_DIR" : "C:/msys64/home/h06250/PTZ_APP-develop/PTZ_APP_autogen/include",
	"MOC_COMPILATION_FILE" : "C:/msys64/home/h06250/PTZ_APP-develop/PTZ_APP_autogen/mocs_compilation.cpp",
	"MOC_DEFINITIONS" : 
	[
		"PROTOBUF_USE_DLLS",
		"QT_CORE_LIB",
		"QT_GUI_LIB",
		"QT_MULTIMEDIAWIDGETS_LIB",
		"QT_MULTIMEDIA_LIB",
		"QT_NETWORK_LIB",
		"QT_NO_DEBUG",
		"QT_QMLMODELS_LIB",
		"QT_QML_LIB",
		"QT_QUICK_LIB",
		"QT_SQL_LIB",
		"QT_WIDGETS_LIB"
	],
	"MOC_DEPEND_FILTERS" : 
	[
		[
			"Q_PLUGIN_METADATA",
			"[\n][ \t]*Q_PLUGIN_METADATA[ \t]*\\([^\\)]*FILE[ \t]*\"([^\"]+)\""
		]
	],
	"MOC_INCLUDES" : 
	[
		"C:/msys64/mingw64/include/glib-2.0",
		"C:/msys64/mingw64/lib/glib-2.0/include",
		"C:/msys64/mingw64/include/gstreamer-1.0",
		"C:/msys64/mingw64/include/orc-0.4",
		"C:/msys64/home/h06250/PTZ_APP-develop",
		"C:/msys64/home/h06250/PTZ_APP-develop/src",
		"C:/msys64/home/h06250/curl_install/include",
		"C:/Qt/5.15.2/mingw81_64/include",
		"C:/Qt/5.15.2/mingw81_64/include/QtCore",
		"C:/Qt/5.15.2/mingw81_64/mkspecs/win32-g++",
		"C:/Qt/5.15.2/mingw81_64/include/QtQuick",
		"C:/Qt/5.15.2/mingw81_64/include/QtQmlModels",
		"C:/Qt/5.15.2/mingw81_64/include/QtQml",
		"C:/Qt/5.15.2/mingw81_64/include/QtNetwork",
		"C:/Qt/5.15.2/mingw81_64/include/QtGui",
		"C:/Qt/5.15.2/mingw81_64/include/QtANGLE",
		"C:/Qt/5.15.2/mingw81_64/include/QtWidgets",
		"C:/Qt/5.15.2/mingw81_64/include/QtSql",
		"C:/Qt/5.15.2/mingw81_64/include/QtMultimedia",
		"C:/Qt/5.15.2/mingw81_64/include/QtMultimediaWidgets",
		"C:/msys64/mingw64/include",
		"C:/msys64/mingw64/include",
		"C:/msys64/mingw64/include/c++/15.1.0",
		"C:/msys64/mingw64/include/c++/15.1.0/x86_64-w64-mingw32",
		"C:/msys64/mingw64/include/c++/15.1.0/backward",
		"C:/msys64/mingw64/lib/gcc/x86_64-w64-mingw32/15.1.0/include",
		"C:/msys64/mingw64/lib/gcc/x86_64-w64-mingw32/15.1.0/include-fixed"
	],
	"MOC_MACRO_NAMES" : [ "Q_OBJECT", "Q_GADGET", "Q_NAMESPACE", "Q_NAMESPACE_EXPORT" ],
	"MOC_OPTIONS" : [],
	"MOC_PATH_PREFIX" : false,
	"MOC_PREDEFS_CMD" : 
	[
		"C:/msys64/mingw64/bin/c++.exe",
		"-std=gnu++17",
		"-dM",
		"-E",
		"-c",
		"C:/msys64/mingw64/share/cmake/Modules/CMakeCXXCompilerABI.cpp"
	],
	"MOC_PREDEFS_FILE" : "C:/msys64/home/h06250/PTZ_APP-develop/PTZ_APP_autogen/moc_predefs.h",
	"MOC_RELAXED_MODE" : false,
	"MOC_SKIP" : [],
	"MULTI_CONFIG" : false,
	"PARALLEL" : 16,
	"PARSE_CACHE_FILE" : "C:/msys64/home/h06250/PTZ_APP-develop/CMakeFiles/PTZ_APP_autogen.dir/ParseCache.txt",
	"QT_MOC_EXECUTABLE" : "C:/Qt/5.15.2/mingw81_64/bin/moc.exe",
	"QT_UIC_EXECUTABLE" : "C:/Qt/5.15.2/mingw81_64/bin/uic.exe",
	"QT_VERSION_MAJOR" : 5,
	"QT_VERSION_MINOR" : 15,
	"SETTINGS_FILE" : "C:/msys64/home/h06250/PTZ_APP-develop/CMakeFiles/PTZ_APP_autogen.dir/AutogenUsed.txt",
	"SOURCES" : 
	[
		[ "C:/msys64/home/h06250/PTZ_APP-develop/main.cpp", "MU", null ],
		[
			"C:/msys64/home/h06250/PTZ_APP-develop/src/alarm_audio_player.cpp",
			"MU",
			null
		],
		[ "C:/msys64/home/h06250/PTZ_APP-develop/src/alarmlog.cpp", "MU", null ],
		[
			"C:/msys64/home/h06250/PTZ_APP-develop/src/alarmvideoplayer.cpp",
			"MU",
			null
		],
		[
			"C:/msys64/home/h06250/PTZ_APP-develop/src/audiooutput.cpp",
			"MU",
			null
		],
		[
			"C:/msys64/home/h06250/PTZ_APP-develop/src/base/packetqueue.cpp",
			"MU",
			null
		],
		[
			"C:/msys64/home/h06250/PTZ_APP-develop/src/decoder/decode.cpp",
			"MU",
			null
		],
		[
			"C:/msys64/home/h06250/PTZ_APP-develop/src/demuxer/demux.cpp",
			"MU",
			null
		],
		[
			"C:/msys64/home/h06250/PTZ_APP-develop/src/device_proxy.cpp",
			"MU",
			null
		],
		[
			"C:/msys64/home/h06250/PTZ_APP-develop/src/eventshare.cpp",
			"MU",
			null
		],
		[
			"C:/msys64/home/h06250/PTZ_APP-develop/src/frame_provider.cpp",
			"MU",
			null
		],
		[
			"C:/msys64/home/h06250/PTZ_APP-develop/src/gas_cloud_manager.cpp",
			"MU",
			null
		],
		[
			"C:/msys64/home/h06250/PTZ_APP-develop/src/hikvision_ctrl.cpp",
			"MU",
			null
		],
		[
			"C:/msys64/home/h06250/PTZ_APP-develop/src/hikvision_recorder.cpp",
			"MU",
			null
		],
		[
			"C:/msys64/home/h06250/PTZ_APP-develop/src/history_video_player.cpp",
			"MU",
			null
		],
		[
			"C:/msys64/home/h06250/PTZ_APP-develop/src/image_fusion_manager.cpp",
			"MU",
			null
		],
		[
			"C:/msys64/home/h06250/PTZ_APP-develop/src/model/cruisemodel.cpp",
			"MU",
			null
		],
		[
			"C:/msys64/home/h06250/PTZ_APP-develop/src/model/devicemodel.cpp",
			"MU",
			null
		],
		[
			"C:/msys64/home/h06250/PTZ_APP-develop/src/model/devicetreemodel.cpp",
			"MU",
			null
		],
		[
			"C:/msys64/home/h06250/PTZ_APP-develop/src/model/logmodel.cpp",
			"MU",
			null
		],
		[
			"C:/msys64/home/h06250/PTZ_APP-develop/src/model/presetmodel.cpp",
			"MU",
			null
		],
		[
			"C:/msys64/home/h06250/PTZ_APP-develop/src/model/usermodel.cpp",
			"MU",
			null
		],
		[ "C:/msys64/home/h06250/PTZ_APP-develop/src/player.cpp", "MU", null ],
		[
			"C:/msys64/home/h06250/PTZ_APP-develop/src/player_clock.cpp",
			"MU",
			null
		],
		[
			"C:/msys64/home/h06250/PTZ_APP-develop/src/playermanager.cpp",
			"MU",
			null
		],
		[
			"C:/msys64/home/h06250/PTZ_APP-develop/src/ptz_device_cgi.cpp",
			"MU",
			null
		],
		[
			"C:/msys64/home/h06250/PTZ_APP-develop/src/ptz_device_manager.cpp",
			"MU",
			null
		],
		[
			"C:/msys64/home/h06250/PTZ_APP-develop/src/tdlas_data_manager.cpp",
			"MU",
			null
		],
		[
			"C:/msys64/home/h06250/PTZ_APP-develop/src/thermal_ctl.cpp",
			"MU",
			null
		],
		[
			"C:/msys64/home/h06250/PTZ_APP-develop/src/thermal_device_manager.cpp",
			"MU",
			null
		]
	],
	"UIC_OPTIONS" : [],
	"UIC_SEARCH_PATHS" : [],
	"UIC_SKIP" : [],
	"UIC_UI_FILES" : [],
	"USE_BETTER_GRAPH" : false,
	"VERBOSITY" : 0
}
