{
	"BUILD_DIR" : "C:/msys64/home/h06250/PTZ_APP-develop/PTZ_APP_autogen",
	"CMAKE_BINARY_DIR" : "C:/msys64/home/h06250/PTZ_APP-develop",
	"CMAKE_CURRENT_BINARY_DIR" : "C:/msys64/home/h06250/PTZ_APP-develop",
	"CMAKE_CURRENT_SOURCE_DIR" : "C:/msys64/home/h06250/PTZ_APP-develop",
	"CMAKE_SOURCE_DIR" : "C:/msys64/home/h06250/PTZ_APP-develop",
	"CROSS_CONFIG" : false,
	"GENERATOR" : "Ninja",
	"INCLUDE_DIR" : "C:/msys64/home/h06250/PTZ_APP-develop/PTZ_APP_autogen/include",
	"INPUTS" : 
	[
		"C:/msys64/home/h06250/PTZ_APP-develop/data/alarmaudio.MP3",
		"C:/msys64/home/h06250/PTZ_APP-develop/data/District.json",
		"C:/msys64/home/h06250/PTZ_APP-develop/custom_qml/cd.png",
		"C:/msys64/home/h06250/PTZ_APP-develop/custom_qml/clock.png"
	],
	"LOCK_FILE" : "C:/msys64/home/h06250/PTZ_APP-develop/CMakeFiles/PTZ_APP_autogen.dir/AutoRcc_resources_EWIEGA46WW_Lock.lock",
	"MULTI_CONFIG" : false,
	"OPTIONS" : [ "-name", "resources" ],
	"OUTPUT_CHECKSUM" : "EWIEGA46WW",
	"OUTPUT_NAME" : "qrc_resources.cpp",
	"RCC_EXECUTABLE" : "C:/Qt/5.15.2/mingw81_64/bin/rcc.exe",
	"RCC_LIST_OPTIONS" : [ "--list" ],
	"SETTINGS_FILE" : "C:/msys64/home/h06250/PTZ_APP-develop/CMakeFiles/PTZ_APP_autogen.dir/AutoRcc_resources_EWIEGA46WW_Used.txt",
	"SOURCE" : "C:/msys64/home/h06250/PTZ_APP-develop/resources.qrc",
	"USE_BETTER_GRAPH" : false,
	"VERBOSITY" : 0
}
