{
	"BUILD_DIR" : "C:/msys64/home/h06250/PTZ_APP-develop/PTZ_APP_autogen",
	"CMAKE_BINARY_DIR" : "C:/msys64/home/h06250/PTZ_APP-develop",
	"CMAKE_CURRENT_BINARY_DIR" : "C:/msys64/home/h06250/PTZ_APP-develop",
	"CMAKE_CURRENT_SOURCE_DIR" : "C:/msys64/home/h06250/PTZ_APP-develop",
	"CMAKE_SOURCE_DIR" : "C:/msys64/home/h06250/PTZ_APP-develop",
	"CROSS_CONFIG" : false,
	"GENERATOR" : "Ninja",
	"INCLUDE_DIR" : "C:/msys64/home/h06250/PTZ_APP-develop/PTZ_APP_autogen/include",
	"INPUTS" : 
	[
		"C:/msys64/home/h06250/PTZ_APP-develop/main.qml",
		"C:/msys64/home/h06250/PTZ_APP-develop/images/playback.png",
		"C:/msys64/home/h06250/PTZ_APP-develop/images/ls.png",
		"C:/msys64/home/h06250/PTZ_APP-develop/images/record.png",
		"C:/msys64/home/h06250/PTZ_APP-develop/images/iso.png",
		"C:/msys64/home/h06250/PTZ_APP-develop/images/color.png",
		"C:/msys64/home/h06250/PTZ_APP-develop/images/take_shot.png",
		"C:/msys64/home/h06250/PTZ_APP-develop/images/back.png",
		"C:/msys64/home/h06250/PTZ_APP-develop/images/param.png",
		"C:/msys64/home/h06250/PTZ_APP-develop/images/settings.png",
		"C:/msys64/home/h06250/PTZ_APP-develop/custom_qml/HwDateTimeDlg.qml",
		"C:/msys64/home/h06250/PTZ_APP-develop/custom_qml/NoVideo.png",
		"C:/msys64/home/h06250/PTZ_APP-develop/custom_qml/f-bp.png",
		"C:/msys64/home/h06250/PTZ_APP-develop/custom_qml/reset_2x.png",
		"C:/msys64/home/h06250/PTZ_APP-develop/custom_qml/LogListView.qml",
		"C:/msys64/home/h06250/PTZ_APP-develop/custom_qml/reboot.png",
		"C:/msys64/home/h06250/PTZ_APP-develop/custom_qml/TDLAS_Concentration_Gray_2X.png",
		"C:/msys64/home/h06250/PTZ_APP-develop/custom_qml/baojingjilu.png",
		"C:/msys64/home/h06250/PTZ_APP-develop/custom_qml/RedLightning_2x.png",
		"C:/msys64/home/h06250/PTZ_APP-develop/custom_qml/SystemSetting.qml",
		"C:/msys64/home/h06250/PTZ_APP-develop/custom_qml/p_8.png",
		"C:/msys64/home/h06250/PTZ_APP-develop/custom_qml/NetWorkLocalParam.qml",
		"C:/msys64/home/h06250/PTZ_APP-develop/custom_qml/BasicIR_Gray.png",
		"C:/msys64/home/h06250/PTZ_APP-develop/custom_qml/focuop.png",
		"C:/msys64/home/h06250/PTZ_APP-develop/custom_qml/file_upgrade.png",
		"C:/msys64/home/h06250/PTZ_APP-develop/custom_qml/check_2x.png",
		"C:/msys64/home/h06250/PTZ_APP-develop/custom_qml/reboot_2x.png",
		"C:/msys64/home/h06250/PTZ_APP-develop/custom_qml/f-bn.png",
		"C:/msys64/home/h06250/PTZ_APP-develop/custom_qml/f-sp.png",
		"C:/msys64/home/h06250/PTZ_APP-develop/custom_qml/zhankai.png",
		"C:/msys64/home/h06250/PTZ_APP-develop/custom_qml/setting_bg.png",
		"C:/msys64/home/h06250/PTZ_APP-develop/custom_qml/mute.png",
		"C:/msys64/home/h06250/PTZ_APP-develop/custom_qml/Setting.qml",
		"C:/msys64/home/h06250/PTZ_APP-develop/custom_qml/BlueCross.png",
		"C:/msys64/home/h06250/PTZ_APP-develop/custom_qml/EnhancedIR_Gray.png",
		"C:/msys64/home/h06250/PTZ_APP-develop/custom_qml/HanweiLogo.png",
		"C:/msys64/home/h06250/PTZ_APP-develop/custom_qml/GrayLightning_2x.png",
		"C:/msys64/home/h06250/PTZ_APP-develop/custom_qml/FKCheckBox.qml",
		"C:/msys64/home/h06250/PTZ_APP-develop/custom_qml/a2.png",
		"C:/msys64/home/h06250/PTZ_APP-develop/custom_qml/MicrophoneIconGray.png",
		"C:/msys64/home/h06250/PTZ_APP-develop/custom_qml/DualFusion_Gray_2X.png",
		"C:/msys64/home/h06250/PTZ_APP-develop/custom_qml/CaptureIconGray.png",
		"C:/msys64/home/h06250/PTZ_APP-develop/custom_qml/LockIcon.png",
		"C:/msys64/home/h06250/PTZ_APP-develop/custom_qml/p_6.png",
		"C:/msys64/home/h06250/PTZ_APP-develop/custom_qml/img_model.png",
		"C:/msys64/home/h06250/PTZ_APP-develop/custom_qml/MicrophoneIconBlue.png",
		"C:/msys64/home/h06250/PTZ_APP-develop/custom_qml/rp.png",
		"C:/msys64/home/h06250/PTZ_APP-develop/custom_qml/check.png",
		"C:/msys64/home/h06250/PTZ_APP-develop/custom_qml/focuon.png",
		"C:/msys64/home/h06250/PTZ_APP-develop/custom_qml/CaptureIconBlue.png",
		"C:/msys64/home/h06250/PTZ_APP-develop/custom_qml/HwConcentrationAnalysis.qml",
		"C:/msys64/home/h06250/PTZ_APP-develop/custom_qml/EnhancedIR.png",
		"C:/msys64/home/h06250/PTZ_APP-develop/custom_qml/ZoomIconGray.png",
		"C:/msys64/home/h06250/PTZ_APP-develop/custom_qml/shebei.png",
		"C:/msys64/home/h06250/PTZ_APP-develop/custom_qml/f-sn.png",
		"C:/msys64/home/h06250/PTZ_APP-develop/custom_qml/LockIcon_2x.png",
		"C:/msys64/home/h06250/PTZ_APP-develop/custom_qml/park.png",
		"C:/msys64/home/h06250/PTZ_APP-develop/custom_qml/ZoomIconBlue.png",
		"C:/msys64/home/h06250/PTZ_APP-develop/custom_qml/sixVideo_2X.png",
		"C:/msys64/home/h06250/PTZ_APP-develop/custom_qml/BlueRectangle.png",
		"C:/msys64/home/h06250/PTZ_APP-develop/custom_qml/GasCloud_Gray.png",
		"C:/msys64/home/h06250/PTZ_APP-develop/custom_qml/ligt.png",
		"C:/msys64/home/h06250/PTZ_APP-develop/custom_qml/p_4.png",
		"C:/msys64/home/h06250/PTZ_APP-develop/custom_qml/collap_ptz.png",
		"C:/msys64/home/h06250/PTZ_APP-develop/custom_qml/AlarmVideoDialog.qml",
		"C:/msys64/home/h06250/PTZ_APP-develop/custom_qml/rn.png",
		"C:/msys64/home/h06250/PTZ_APP-develop/custom_qml/ptzBlue_2X.png",
		"C:/msys64/home/h06250/PTZ_APP-develop/custom_qml/CalendarIcon.png",
		"C:/msys64/home/h06250/PTZ_APP-develop/custom_qml/cdr.png",
		"C:/msys64/home/h06250/PTZ_APP-develop/custom_qml/focuip.png",
		"C:/msys64/home/h06250/PTZ_APP-develop/custom_qml/sousuo.png",
		"C:/msys64/home/h06250/PTZ_APP-develop/custom_qml/LeftArrow.png",
		"C:/msys64/home/h06250/PTZ_APP-develop/custom_qml/n_5.png",
		"C:/msys64/home/h06250/PTZ_APP-develop/custom_qml/MicrophoneIconBlue_2x.png",
		"C:/msys64/home/h06250/PTZ_APP-develop/custom_qml/SettingsIconGray.png",
		"C:/msys64/home/h06250/PTZ_APP-develop/custom_qml/WarningIcon.png",
		"C:/msys64/home/h06250/PTZ_APP-develop/custom_qml/HwTreeView.qml",
		"C:/msys64/home/h06250/PTZ_APP-develop/custom_qml/ptz_model.png",
		"C:/msys64/home/h06250/PTZ_APP-develop/custom_qml/CruiseListView.qml",
		"C:/msys64/home/h06250/PTZ_APP-develop/custom_qml/SettingsIconBlue.png",
		"C:/msys64/home/h06250/PTZ_APP-develop/custom_qml/WhiteSquare_2x.png",
		"C:/msys64/home/h06250/PTZ_APP-develop/custom_qml/p_2.png",
		"C:/msys64/home/h06250/PTZ_APP-develop/custom_qml/turn_bk.png",
		"C:/msys64/home/h06250/PTZ_APP-develop/custom_qml/fast_forward.png",
		"C:/msys64/home/h06250/PTZ_APP-develop/custom_qml/HanweiLogo_2x.png",
		"C:/msys64/home/h06250/PTZ_APP-develop/custom_qml/PIP_Gray.png",
		"C:/msys64/home/h06250/PTZ_APP-develop/custom_qml/GasCloud_2X.png",
		"C:/msys64/home/h06250/PTZ_APP-develop/custom_qml/LockIconGray_2x.png",
		"C:/msys64/home/h06250/PTZ_APP-develop/custom_qml/RecordGray.png",
		"C:/msys64/home/h06250/PTZ_APP-develop/custom_qml/focuin.png",
		"C:/msys64/home/h06250/PTZ_APP-develop/custom_qml/previous.png",
		"C:/msys64/home/h06250/PTZ_APP-develop/custom_qml/RecordBlue.png",
		"C:/msys64/home/h06250/PTZ_APP-develop/custom_qml/DualFusion.png",
		"C:/msys64/home/h06250/PTZ_APP-develop/custom_qml/fast_backward_2x.png",
		"C:/msys64/home/h06250/PTZ_APP-develop/custom_qml/TDLAS_Concentration.png",
		"C:/msys64/home/h06250/PTZ_APP-develop/custom_qml/HwAlarmProcessingDlg.qml",
		"C:/msys64/home/h06250/PTZ_APP-develop/custom_qml/HwTumbler.qml",
		"C:/msys64/home/h06250/PTZ_APP-develop/custom_qml/delete_gray.png",
		"C:/msys64/home/h06250/PTZ_APP-develop/custom_qml/EnhancedIR_Gray_2X.png",
		"C:/msys64/home/h06250/PTZ_APP-develop/custom_qml/xiayiye.png",
		"C:/msys64/home/h06250/PTZ_APP-develop/custom_qml/PresetItem.qml",
		"C:/msys64/home/h06250/PTZ_APP-develop/custom_qml/graySquare_2x.png",
		"C:/msys64/home/h06250/PTZ_APP-develop/custom_qml/TDLAS_Concentration_2X.png",
		"C:/msys64/home/h06250/PTZ_APP-develop/custom_qml/DeviceManagement.qml",
		"C:/msys64/home/h06250/PTZ_APP-develop/custom_qml/FKLabelEdit.qml",
		"C:/msys64/home/h06250/PTZ_APP-develop/custom_qml/DualFusion_Gray.png",
		"C:/msys64/home/h06250/PTZ_APP-develop/custom_qml/MicrophoneIconGray_2x.png",
		"C:/msys64/home/h06250/PTZ_APP-develop/custom_qml/blueSquare_2X.png",
		"C:/msys64/home/h06250/PTZ_APP-develop/custom_qml/AVSetting.qml",
		"C:/msys64/home/h06250/PTZ_APP-develop/custom_qml/infb.png",
		"C:/msys64/home/h06250/PTZ_APP-develop/custom_qml/BasicIR_2X.png",
		"C:/msys64/home/h06250/PTZ_APP-develop/custom_qml/BasicIR.png",
		"C:/msys64/home/h06250/PTZ_APP-develop/custom_qml/LogItem.qml",
		"C:/msys64/home/h06250/PTZ_APP-develop/custom_qml/park_2X.png",
		"C:/msys64/home/h06250/PTZ_APP-develop/custom_qml/HwAlarmLog.qml",
		"C:/msys64/home/h06250/PTZ_APP-develop/custom_qml/EnhancedIR_2X.png",
		"C:/msys64/home/h06250/PTZ_APP-develop/custom_qml/cd.png",
		"C:/msys64/home/h06250/PTZ_APP-develop/custom_qml/cd.png",
		"C:/msys64/home/h06250/PTZ_APP-develop/custom_qml/UpArrowBlue_2x.png",
		"C:/msys64/home/h06250/PTZ_APP-develop/custom_qml/NetConfigDlg.qml",
		"C:/msys64/home/h06250/PTZ_APP-develop/custom_qml/PIP_Gray_2X.png",
		"C:/msys64/home/h06250/PTZ_APP-develop/custom_qml/BlueRectangle_2x.png",
		"C:/msys64/home/h06250/PTZ_APP-develop/custom_qml/baojing1.png",
		"C:/msys64/home/h06250/PTZ_APP-develop/custom_qml/PTZSetting.qml",
		"C:/msys64/home/h06250/PTZ_APP-develop/custom_qml/NoMic_2X.png",
		"C:/msys64/home/h06250/PTZ_APP-develop/custom_qml/CalendarIcon_2x.png",
		"C:/msys64/home/h06250/PTZ_APP-develop/custom_qml/fast_backward.png",
		"C:/msys64/home/h06250/PTZ_APP-develop/custom_qml/GasCloud_Gray_2X.png",
		"C:/msys64/home/h06250/PTZ_APP-develop/custom_qml/blueSquare.png",
		"C:/msys64/home/h06250/PTZ_APP-develop/custom_qml/swip.png",
		"C:/msys64/home/h06250/PTZ_APP-develop/custom_qml/graySquare.png",
		"C:/msys64/home/h06250/PTZ_APP-develop/custom_qml/RightArrow.png",
		"C:/msys64/home/h06250/PTZ_APP-develop/custom_qml/BlueCross_2x.png",
		"C:/msys64/home/h06250/PTZ_APP-develop/custom_qml/BlueLightning_2x.png",
		"C:/msys64/home/h06250/PTZ_APP-develop/custom_qml/play.png",
		"C:/msys64/home/h06250/PTZ_APP-develop/custom_qml/UserItem.qml",
		"C:/msys64/home/h06250/PTZ_APP-develop/custom_qml/FKCalendar.qml",
		"C:/msys64/home/h06250/PTZ_APP-develop/custom_qml/AlarmItem.qml",
		"C:/msys64/home/h06250/PTZ_APP-develop/custom_qml/LeftArrow_2x.png",
		"C:/msys64/home/h06250/PTZ_APP-develop/custom_qml/LockIconGray.png",
		"C:/msys64/home/h06250/PTZ_APP-develop/custom_qml/IssueSetting.qml",
		"C:/msys64/home/h06250/PTZ_APP-develop/custom_qml/fourVideo.png",
		"C:/msys64/home/h06250/PTZ_APP-develop/custom_qml/speed_down_2x.png",
		"C:/msys64/home/h06250/PTZ_APP-develop/custom_qml/GasMonitor.qml",
		"C:/msys64/home/h06250/PTZ_APP-develop/custom_qml/CruiseItem.qml",
		"C:/msys64/home/h06250/PTZ_APP-develop/custom_qml/DownArrowBlue_2x.png",
		"C:/msys64/home/h06250/PTZ_APP-develop/custom_qml/restor.png",
		"C:/msys64/home/h06250/PTZ_APP-develop/custom_qml/RedLightning.png",
		"C:/msys64/home/h06250/PTZ_APP-develop/custom_qml/upTriangle.png",
		"C:/msys64/home/h06250/PTZ_APP-develop/custom_qml/PresetListView.qml",
		"C:/msys64/home/h06250/PTZ_APP-develop/custom_qml/delete_2x.png",
		"C:/msys64/home/h06250/PTZ_APP-develop/custom_qml/FKLineSeriaBase.qml",
		"C:/msys64/home/h06250/PTZ_APP-develop/custom_qml/VolumeIconBlue_2x.png",
		"C:/msys64/home/h06250/PTZ_APP-develop/custom_qml/a3.png",
		"C:/msys64/home/h06250/PTZ_APP-develop/custom_qml/TDLAS_Concentration_Gray.png",
		"C:/msys64/home/h06250/PTZ_APP-develop/custom_qml/GasCloud.png",
		"C:/msys64/home/h06250/PTZ_APP-develop/custom_qml/ImageIcon_2x.png",
		"C:/msys64/home/h06250/PTZ_APP-develop/custom_qml/ImageIcon.png",
		"C:/msys64/home/h06250/PTZ_APP-develop/custom_qml/DeviceListView.qml",
		"C:/msys64/home/h06250/PTZ_APP-develop/custom_qml/1.png",
		"C:/msys64/home/h06250/PTZ_APP-develop/custom_qml/VideoPlayback.qml",
		"C:/msys64/home/h06250/PTZ_APP-develop/custom_qml/flap.png",
		"C:/msys64/home/h06250/PTZ_APP-develop/custom_qml/WarningIcon_2x.png",
		"C:/msys64/home/h06250/PTZ_APP-develop/custom_qml/daochu.png",
		"C:/msys64/home/h06250/PTZ_APP-develop/custom_qml/UpArrowGray_2X.png",
		"C:/msys64/home/h06250/PTZ_APP-develop/custom_qml/zoomop.png",
		"C:/msys64/home/h06250/PTZ_APP-develop/custom_qml/HwRecordOverview.qml",
		"C:/msys64/home/h06250/PTZ_APP-develop/custom_qml/GrayCross.png",
		"C:/msys64/home/h06250/PTZ_APP-develop/custom_qml/n_8.png",
		"C:/msys64/home/h06250/PTZ_APP-develop/custom_qml/speed_down.png",
		"C:/msys64/home/h06250/PTZ_APP-develop/custom_qml/ZoomIconBlue_2x.png",
		"C:/msys64/home/h06250/PTZ_APP-develop/custom_qml/speed_up.png",
		"C:/msys64/home/h06250/PTZ_APP-develop/custom_qml/a1.png",
		"C:/msys64/home/h06250/PTZ_APP-develop/custom_qml/RecordBlue_2X.png",
		"C:/msys64/home/h06250/PTZ_APP-develop/custom_qml/NetWorkPortParam.qml",
		"C:/msys64/home/h06250/PTZ_APP-develop/custom_qml/p_5.png",
		"C:/msys64/home/h06250/PTZ_APP-develop/custom_qml/TransportProtocolSetting.qml",
		"C:/msys64/home/h06250/PTZ_APP-develop/custom_qml/reset.png",
		"C:/msys64/home/h06250/PTZ_APP-develop/custom_qml/clock_2x.png",
		"C:/msys64/home/h06250/PTZ_APP-develop/custom_qml/modify.png",
		"C:/msys64/home/h06250/PTZ_APP-develop/custom_qml/downTriangle.png",
		"C:/msys64/home/h06250/PTZ_APP-develop/custom_qml/xia.png",
		"C:/msys64/home/h06250/PTZ_APP-develop/custom_qml/exit.png",
		"C:/msys64/home/h06250/PTZ_APP-develop/custom_qml/fast_forward_2x.png",
		"C:/msys64/home/h06250/PTZ_APP-develop/custom_qml/zoomon.png",
		"C:/msys64/home/h06250/PTZ_APP-develop/custom_qml/SettingsIconBlue_2x.png",
		"C:/msys64/home/h06250/PTZ_APP-develop/custom_qml/StorageManagement.qml",
		"C:/msys64/home/h06250/PTZ_APP-develop/custom_qml/shangyiye.png",
		"C:/msys64/home/h06250/PTZ_APP-develop/custom_qml/n_6.png",
		"C:/msys64/home/h06250/PTZ_APP-develop/custom_qml/VolumeIconGray_2x.png",
		"C:/msys64/home/h06250/PTZ_APP-develop/custom_qml/CaptureIconBlue_2x.png",
		"C:/msys64/home/h06250/PTZ_APP-develop/custom_qml/upgrade_2x.png",
		"C:/msys64/home/h06250/PTZ_APP-develop/custom_qml/check_2x_gray.png",
		"C:/msys64/home/h06250/PTZ_APP-develop/custom_qml/previous_2x.png",
		"C:/msys64/home/h06250/PTZ_APP-develop/custom_qml/log12.png",
		"C:/msys64/home/h06250/PTZ_APP-develop/custom_qml/next_2x.png",
		"C:/msys64/home/h06250/PTZ_APP-develop/custom_qml/RightArrow_2x.png",
		"C:/msys64/home/h06250/PTZ_APP-develop/custom_qml/next.png",
		"C:/msys64/home/h06250/PTZ_APP-develop/custom_qml/DownArrowGray_2X.png",
		"C:/msys64/home/h06250/PTZ_APP-develop/custom_qml/NetWorkFtpParam.qml",
		"C:/msys64/home/h06250/PTZ_APP-develop/custom_qml/n_4.png",
		"C:/msys64/home/h06250/PTZ_APP-develop/custom_qml/shang.png",
		"C:/msys64/home/h06250/PTZ_APP-develop/custom_qml/modify_2x_gray.png",
		"C:/msys64/home/h06250/PTZ_APP-develop/custom_qml/ZoomIconGray_2x.png",
		"C:/msys64/home/h06250/PTZ_APP-develop/custom_qml/zoomip.png",
		"C:/msys64/home/h06250/PTZ_APP-develop/custom_qml/HwHintPopup.qml",
		"C:/msys64/home/h06250/PTZ_APP-develop/custom_qml/DualFusion_2X.png",
		"C:/msys64/home/h06250/PTZ_APP-develop/custom_qml/HwBtn.qml",
		"C:/msys64/home/h06250/PTZ_APP-develop/custom_qml/RecordGray_2X.png",
		"C:/msys64/home/h06250/PTZ_APP-develop/custom_qml/sixVideo.png",
		"C:/msys64/home/h06250/PTZ_APP-develop/custom_qml/check_gray.png",
		"C:/msys64/home/h06250/PTZ_APP-develop/custom_qml/modify_gray.png",
		"C:/msys64/home/h06250/PTZ_APP-develop/custom_qml/delete.png",
		"C:/msys64/home/h06250/PTZ_APP-develop/custom_qml/VideoChannelChoose.qml",
		"C:/msys64/home/h06250/PTZ_APP-develop/custom_qml/RedRectangle.png",
		"C:/msys64/home/h06250/PTZ_APP-develop/custom_qml/SettingsIconGray_2x.png",
		"C:/msys64/home/h06250/PTZ_APP-develop/custom_qml/shijian.png",
		"C:/msys64/home/h06250/PTZ_APP-develop/custom_qml/WhiteSquare.png",
		"C:/msys64/home/h06250/PTZ_APP-develop/custom_qml/exit_2X.png",
		"C:/msys64/home/h06250/PTZ_APP-develop/custom_qml/n_2.png",
		"C:/msys64/home/h06250/PTZ_APP-develop/custom_qml/UpArrowGray.png",
		"C:/msys64/home/h06250/PTZ_APP-develop/custom_qml/zoomin.png",
		"C:/msys64/home/h06250/PTZ_APP-develop/custom_qml/GrayCross_2x.png",
		"C:/msys64/home/h06250/PTZ_APP-develop/custom_qml/DownArrowGray.png",
		"C:/msys64/home/h06250/PTZ_APP-develop/custom_qml/NoMic.png",
		"C:/msys64/home/h06250/PTZ_APP-develop/custom_qml/FKButton.qml",
		"C:/msys64/home/h06250/PTZ_APP-develop/custom_qml/Management.qml",
		"C:/msys64/home/h06250/PTZ_APP-develop/custom_qml/UpArrowBlue.png",
		"C:/msys64/home/h06250/PTZ_APP-develop/custom_qml/DownArrowBlue.png",
		"C:/msys64/home/h06250/PTZ_APP-develop/custom_qml/UserListView.qml",
		"C:/msys64/home/h06250/PTZ_APP-develop/custom_qml/modify_2x.png",
		"C:/msys64/home/h06250/PTZ_APP-develop/custom_qml/PIP_2X.png",
		"C:/msys64/home/h06250/PTZ_APP-develop/custom_qml/VolumeIconGray.png",
		"C:/msys64/home/h06250/PTZ_APP-develop/custom_qml/settingbg_2x.png",
		"C:/msys64/home/h06250/PTZ_APP-develop/custom_qml/VolumeIconBlue.png",
		"C:/msys64/home/h06250/PTZ_APP-develop/custom_qml/ptzBlue.png",
		"C:/msys64/home/h06250/PTZ_APP-develop/custom_qml/baojing2.png",
		"C:/msys64/home/h06250/PTZ_APP-develop/custom_qml/NoVideo_2X.png",
		"C:/msys64/home/h06250/PTZ_APP-develop/custom_qml/CaptureIconGray_2X.png",
		"C:/msys64/home/h06250/PTZ_APP-develop/custom_qml/GridSettingsCanvas.qml",
		"C:/msys64/home/h06250/PTZ_APP-develop/custom_qml/PIP.png",
		"C:/msys64/home/h06250/PTZ_APP-develop/custom_qml/BlueLightning.png",
		"C:/msys64/home/h06250/PTZ_APP-develop/custom_qml/nineVideo_2X.png",
		"C:/msys64/home/h06250/PTZ_APP-develop/custom_qml/baojing.png",
		"C:/msys64/home/h06250/PTZ_APP-develop/custom_qml/focus.png",
		"C:/msys64/home/h06250/PTZ_APP-develop/custom_qml/bk2.png",
		"C:/msys64/home/h06250/PTZ_APP-develop/custom_qml/nineVideo.png",
		"C:/msys64/home/h06250/PTZ_APP-develop/custom_qml/fourVideo_2X.png",
		"C:/msys64/home/h06250/PTZ_APP-develop/custom_qml/file_upgrade_2x.png",
		"C:/msys64/home/h06250/PTZ_APP-develop/custom_qml/clock.png",
		"C:/msys64/home/h06250/PTZ_APP-develop/custom_qml/mute_2x.png",
		"C:/msys64/home/h06250/PTZ_APP-develop/custom_qml/GrayLightning.png",
		"C:/msys64/home/h06250/PTZ_APP-develop/custom_qml/speed_up_2x.png",
		"C:/msys64/home/h06250/PTZ_APP-develop/custom_qml/FKLineSeria.qml",
		"C:/msys64/home/h06250/PTZ_APP-develop/custom_qml/upgrade.png",
		"C:/msys64/home/h06250/PTZ_APP-develop/custom_qml/BasicIR_Gray_2X.png",
		"C:/msys64/home/h06250/PTZ_APP-develop/custom_qml/RedRectangle_2x.png",
		"C:/msys64/home/h06250/PTZ_APP-develop/custom_qml/delete_2x_gray.png",
		"C:/msys64/home/h06250/PTZ_APP-develop/custom_qml/VideoPresent.qml"
	],
	"LOCK_FILE" : "C:/msys64/home/h06250/PTZ_APP-develop/CMakeFiles/PTZ_APP_autogen.dir/AutoRcc_qml_EWIEGA46WW_Lock.lock",
	"MULTI_CONFIG" : false,
	"OPTIONS" : [ "-name", "qml" ],
	"OUTPUT_CHECKSUM" : "EWIEGA46WW",
	"OUTPUT_NAME" : "qrc_qml.cpp",
	"RCC_EXECUTABLE" : "C:/Qt/5.15.2/mingw81_64/bin/rcc.exe",
	"RCC_LIST_OPTIONS" : [ "--list" ],
	"SETTINGS_FILE" : "C:/msys64/home/h06250/PTZ_APP-develop/CMakeFiles/PTZ_APP_autogen.dir/AutoRcc_qml_EWIEGA46WW_Used.txt",
	"SOURCE" : "C:/msys64/home/h06250/PTZ_APP-develop/qml.qrc",
	"USE_BETTER_GRAPH" : false,
	"VERBOSITY" : 0
}
