{
    "name":"pipeline0",
    "input-config":{
        "type":2,
        "stream":{
            "uri":"rtsp://127.0.0.1:554/live/test",
            "file-loop":false,
            "rtsp-latency":0,
            "rtp-protocol":4
        },
        "usb-camera":{
            "device":"/dev/video0",
            "format":"MJPG",
            "width":1920,
            "height":1080,
            "framerate-n":30,
            "framerate-d":1
        }
    },
    "output-config":{
        "display":{
            "enable":true,
            "sync":true,
            "left":0,
            "top":0,
            "width":1920,
            "height":1080
        },
        "rtmp":{
            "enable":true,
            "bitrate":100000,
            "iframeinterval":30,
            "uri":"rtmp://127.0.0.1:1935/live/test"
        },
        "inference":{
            "enable":true,
            "memory-type":3,
            "format":"RGBA"
        }
    }
}